scenario,model,min_output_gap_pct,max_output_gap_pct,min_output_pct,min_potential_pct,max_output_growth_pct,cum_abs_ngdp_gap_pct,max_abs_inflation_pp,min_nominal_rate_pp,max_nominal_rate_pp,quadratic_loss
expected_income_slump,Market monetarist NGDP regime,-0.04612199540288247,0.0,-0.04612199540288247,0.0,0.005903668980215219,0.40962146409956424,0.032151601495029894,-0.0298384723874708,0.005556128602342782,1.5398281574144486e-06
expected_income_slump,Passive money,-0.4612199540288249,0.0,-0.4612199540288249,0.0,0.05903668980215223,4.096214640995644,0.32151601495029897,-0.29838472387470805,0.055561286023427824,0.00015398281574144498
expected_income_slump,New Keynesian Taylor rule,-1.4730237941786706,0.0,-1.4730237941786706,0.0,0.26514410456903914,265.4456569963853,1.1740350293431099,-2.497564441104,0.0,0.04200042400486039
velocity_crash,Market monetarist NGDP regime,-0.23099999999999996,0.0,-0.23099999999999996,0.0,0.04716249999999998,1.3333331295106576,0.17999999999999994,-0.16704999999999998,0.045170125,3.082124310639979e-05
velocity_crash,Passive money,-2.31,0.0,-2.31,0.0,0.4716250000000002,13.33333129510658,1.7999999999999998,-1.6705,0.45170125000000005,0.0030821243106399806
velocity_crash,New Keynesian Taylor rule,-1.8473741798785124,0.0,-1.8473741798785124,0.0,0.554212253757012,131.52259892649988,0.9026258201214801,-2.277625820121476,0.0,0.010660305066354467
negative_supply,Market monetarist NGDP regime,-0.07342619374822923,0.0,-3.058448645324681,-3.0,0.2851567593354636,1.1379550720768548,2.952178381097988,-0.12473255777546795,1.2231188809023272,0.000922286287902735
negative_supply,Passive money,-0.7342619374822923,0.0,-3.5844864532468135,-3.0,0.2881578026343041,11.37955072076855,2.52178381097988,-0.09340348009843179,0.8236888090232718,0.00124104817601866
negative_supply,New Keynesian Taylor rule,-3.435582807091127,0.0,-6.4355828070911265,-3.0,1.1588957079448674,525.9839446897774,3.4355828070911274,0.0,3.4355828070911274,0.17326674660075014
monetary_contraction,Market monetarist NGDP regime,-2.5300000000000002,0.0,-2.5300000000000002,0.0,0.3643750000000001,19.998911096425857,1.7999999999999998,-1.6705,0.34224125000000005,0.0043054517796856685
monetary_contraction,Passive money,-2.5300000000000002,0.0,-2.5300000000000002,0.0,0.3643750000000001,19.998911096425857,1.7999999999999998,-1.6705,0.34224125000000005,0.0043054517796856685
monetary_contraction,New Keynesian Taylor rule,-1.987341037122753,0.0,-1.987341037122753,0.0,0.6955693629843203,106.36202310830151,0.8361883746419526,0.0,0.15204691947569465,0.007240042924177167
